entry_time,entry_price,exit_time,exit_price,exit_reason,pnl,pnl_pct,cumulative_equity,running_peak,drawdown_pct,weekday,hour
2023-01-04 00:00:00+00:00,16862.02,2023-01-04 12:00:00+00:00,16772.62142857143,stop_loss,-89.39857142857,-0.005301771165528804,0.9946982288344712,0.9946982288344712,0.0,Wednesday,0
2023-01-09 00:00:00+00:00,17197.0,2023-01-09 16:00:00+00:00,17355.078571428574,take_profit,158.07857142857392,0.009192217911762163,1.0038417117103615,1.0038417117103615,0.0,Monday,0
2023-01-10 12:00:00+00:00,17327.7,2023-01-11 16:00:00+00:00,17548.54142857143,take_profit,220.84142857142797,0.012744993771327295,1.0166356680735087,1.0166356680735087,0.0,Tuesday,12
2023-01-11 20:00:00+00:00,17943.26,2023-01-12 00:00:00+00:00,18197.532857142854,take_profit,254.27285714285608,0.01417093979259377,1.0310423509167816,1.0310423509167816,0.0,Wednesday,20
2023-01-12 16:00:00+00:00,18885.35,2023-01-13 12:00:00+00:00,19308.434285714284,take_profit,423.0842857142852,0.022402777058105106,1.0541405628418348,1.0541405628418348,0.0,Thursday,16
2023-01-14 00:00:00+00:00,20967.23,2023-01-14 08:00:00+00:00,20578.431428571428,stop_loss,-388.79857142857145,-0.018543153837134015,1.0345934722190957,1.0541405628418348,-0.018543153837133914,Saturday,0
2023-01-20 20:00:00+00:00,22667.21,2023-01-21 08:00:00+00:00,23303.33714285714,take_profit,636.1271428571417,0.028063760068272263,1.063628055191653,1.063628055191653,0.0,Friday,20
2023-01-29 08:00:00+00:00,23432.17,2023-01-30 08:00:00+00:00,23167.09857142857,stop_loss,-265.07142857142753,-0.011312286850574555,1.0515959895290063,1.063628055191653,-0.011312286850574529,Sunday,8
2023-02-01 16:00:00+00:00,23385.99,2023-02-02 00:00:00+00:00,24003.25,take_profit,617.2599999999984,0.02639443530079327,1.0793522718372033,1.0793522718372033,0.0,Wednesday,16
2023-02-14 12:00:00+00:00,22041.45,2023-02-15 08:00:00+00:00,22475.96285714286,take_profit,434.5128571428577,0.019713442497787472,1.1006300207829223,1.1006300207829223,0.0,Tuesday,12
2023-02-15 12:00:00+00:00,22809.46,2023-02-15 16:00:00+00:00,23341.28714285714,take_profit,531.8271428571425,0.02331607775270184,1.1262923959244548,1.1262923959244548,0.0,Wednesday,12
2023-02-15 20:00:00+00:00,24324.05,2023-02-16 12:00:00+00:00,24932.802857142855,take_profit,608.7528571428556,0.025026788595766562,1.1544798776142755,1.1544798776142755,0.0,Wednesday,20
2023-02-20 12:00:00+00:00,24942.87,2023-02-21 08:00:00+00:00,24599.967142857142,stop_loss,-342.9028571428571,-0.013747530141593856,1.1386086306989096,1.1544798776142755,-0.01374753014159391,Monday,12
2023-02-27 12:00:00+00:00,23559.4,2023-02-27 16:00:00+00:00,23326.36142857143,stop_loss,-233.03857142857305,-0.009891532527508046,1.12734604639225,1.1544798776142755,-0.023503078527533434,Monday,12
2023-03-06 12:00:00+00:00,22553.42,2023-03-06 16:00:00+00:00,22395.846428571425,stop_loss,-157.5735714285729,-0.006986681905829489,1.119469638168313,1.1544798776142755,-0.03032555189988327,Monday,12
2023-03-12 16:00:00+00:00,20779.54,2023-03-12 20:00:00+00:00,21510.494285714285,take_profit,730.9542857142842,0.0351766345989509,1.1588488125747793,1.1588488125747793,0.0,Sunday,16
2023-03-13 00:00:00+00:00,22231.62,2023-03-13 12:00:00+00:00,23147.167142857143,take_profit,915.5471428571436,0.04118220547387656,1.2065727624873919,1.2065727624873919,0.0,Monday,0
2023-03-14 12:00:00+00:00,25894.67,2023-03-14 16:00:00+00:00,25173.634285714284,stop_loss,-721.0357142857138,-0.027844947021364388,1.172975807838509,1.2065727624873919,-0.02784494702136446,Tuesday,12
2023-03-19 16:00:00+00:00,28255.87,2023-03-20 00:00:00+00:00,27608.647142857142,stop_loss,-647.2228571428568,-0.022905784077533513,1.1461078772559898,1.2065727624873919,-0.050112920754776163,Sunday,16
2023-03-29 04:00:00+00:00,28086.82,2023-03-30 00:00:00+00:00,29003.165714285715,take_profit,916.3457142857151,0.032625470390941914,1.1835001858702303,1.2065727624873919,-0.01912240797612291,Wednesday,4
2023-04-09 16:00:00+00:00,28140.4,2023-04-09 20:00:00+00:00,28450.617142857143,take_profit,310.2171428571419,0.011023906655809507,1.196546981446397,1.2065727624873919,-0.008309304960876495,Sunday,16
2023-04-10 12:00:00+00:00,28439.38,2023-04-10 16:00:00+00:00,28809.300000000003,take_profit,369.9200000000019,0.013007315911950326,1.212110846037561,1.212110846037561,0.0,Monday,12
2023-04-10 20:00:00+00:00,29637.34,2023-04-11 00:00:00+00:00,30167.73285714286,take_profit,530.3928571428587,0.017896101915450532,1.233802905271072,1.233802905271072,0.0,Monday,20
2023-04-13 12:00:00+00:00,30441.43,2023-04-14 16:00:00+00:00,30097.47642857143,stop_loss,-343.9535714285703,-0.011298863799386898,1.2198623342891262,1.233802905271072,-0.011298863799386973,Thursday,12
2023-04-18 08:00:00+00:00,30380.59,2023-04-18 16:00:00+00:00,30094.01714285714,stop_loss,-286.572857142859,-0.009432761415853313,1.208355663929591,1.233802905271072,-0.02062504572875045,Tuesday,8
2023-04-25 20:00:00+00:00,28300.79,2023-04-26 08:00:00+00:00,29065.407142857144,take_profit,764.6171428571433,0.02701751939988754,1.2410024365217727,1.2410024365217727,0.0,Tuesday,20
2023-04-26 12:00:00+00:00,29820.03,2023-04-26 16:00:00+00:00,29402.991428571426,stop_loss,-417.03857142857305,-0.013985182826059298,1.2236467905594306,1.2410024365217727,-0.013985182826059322,Wednesday,12
2023-04-30 12:00:00+00:00,29655.18,2023-04-30 16:00:00+00:00,29431.32642857143,stop_loss,-223.85357142857174,-0.007548548733427743,1.2144100331283902,1.2410024365217727,-0.021428163725378695,Sunday,12
2023-05-05 12:00:00+00:00,29356.45,2023-05-06 12:00:00+00:00,28960.273571428574,stop_loss,-396.1764285714271,-0.013495379331336967,1.1980211090675412,1.2410024365217727,-0.0346343618588676,Friday,12
2023-05-10 12:00:00+00:00,28153.2,2023-05-10 16:00:00+00:00,27815.99357142857,stop_loss,-337.20642857142957,-0.011977552412209965,1.1836717484427508,1.2410024365217727,-0.04619707938664956,Wednesday,12
2023-05-15 00:00:00+00:00,27232.8,2023-05-16 00:00:00+00:00,26956.77642857143,stop_loss,-276.02357142857,-0.01013570295484012,1.1716744032044988,1.2410024365217727,-0.05586454246744548,Monday,0
2023-05-23 00:00:00+00:00,27366.67,2023-05-23 16:00:00+00:00,27159.480714285713,stop_loss,-207.18928571428478,-0.007570862136835968,1.162803817828578,1.2410024365217727,-0.06301246185492297,Tuesday,0
2023-05-26 12:00:00+00:00,26750.21,2023-05-28 08:00:00+00:00,27297.095714285715,take_profit,546.885714285716,0.020444165271439586,1.1865763712585264,1.2410024365217727,-0.04385653376780566,Friday,12
2023-05-28 16:00:00+00:00,27525.99,2023-05-28 20:00:00+00:00,27953.428571428572,take_profit,427.43857142857087,0.01552854489261134,1.2050021757081262,1.2410024365217727,-0.02900901702864214,Sunday,16
2023-06-16 16:00:00+00:00,26382.43,2023-06-20 00:00:00+00:00,27075.42142857143,take_profit,692.9914285714294,0.026267156913575795,1.2366541569386518,1.2410024365217727,-0.00350384451726627,Friday,16
2023-06-20 12:00:00+00:00,27071.93,2023-06-20 16:00:00+00:00,27576.794285714284,take_profit,504.86428571428405,0.018648994944737374,1.2597165140597892,1.2597165140597892,0.0,Tuesday,12
2023-06-20 20:00:00+00:00,28307.99,2023-06-21 00:00:00+00:00,28994.83428571429,take_profit,686.8442857142873,0.024263265802845317,1.2902813506766555,1.2902813506766555,0.0,Tuesday,20
2023-06-21 12:00:00+00:00,29851.58,2023-06-21 16:00:00+00:00,30710.09,take_profit,858.5099999999984,0.028759281753260577,1.3273889155817429,1.3273889155817429,0.0,Wednesday,12
2023-06-23 12:00:00+00:00,31238.0,2023-06-23 16:00:00+00:00,30737.67785714286,stop_loss,-500.32214285714144,-0.016016458891642917,1.3061288455821054,1.3273889155817429,-0.016016458891642934,Friday,12
2023-06-30 04:00:00+00:00,30765.09,2023-06-30 12:00:00+00:00,30408.587857142855,stop_loss,-356.5021428571454,-0.011587879081684642,1.2909935824543997,1.3273889155817429,-0.02741874118437441,Friday,4
2023-07-03 12:00:00+00:00,31068.64,2023-07-03 16:00:00+00:00,30878.23285714286,stop_loss,-190.40714285714057,-0.006128596000891592,1.283081604347793,1.3273889155817429,-0.03337929879769386,Monday,12
2023-07-10 16:00:00+00:00,30837.4,2023-07-10 20:00:00+00:00,30658.670000000002,stop_loss,-178.72999999999956,-0.005795884218513868,1.2756450119260883,1.3273889155817429,-0.03898172046508109,Monday,16
2023-07-13 12:00:00+00:00,30917.48,2023-07-13 16:00:00+00:00,31441.782857142858,take_profit,524.3028571428586,0.016958136857947625,1.2972775746204892,1.3273889155817429,-0.022684640957738485,Thursday,12
2023-07-20 08:00:00+00:00,30284.9,2023-07-20 12:00:00+00:00,30028.062142857143,stop_loss,-256.8378571428584,-0.008480723302466193,1.2862757224636383,1.3273889155817429,-0.030972982097026373,Thursday,8
2023-07-23 16:00:00+00:00,30093.12,2023-07-23 20:00:00+00:00,29958.57,stop_loss,-134.54999999999927,-0.004471121638434276,1.2805246272479385,1.3273889155817429,-0.03530561976499978,Sunday,16
2023-07-26 16:00:00+00:00,29401.93,2023-07-27 16:00:00+00:00,29176.58785714286,stop_loss,-225.34214285714188,-0.007664195610871187,1.2707104360201724,1.3273889155817429,-0.042699226199828924,Wednesday,16
2023-07-31 00:00:00+00:00,29421.99,2023-07-31 12:00:00+00:00,29303.02928571429,stop_loss,-118.96071428571304,-0.0040432586064271326,1.265572625113457,1.3273889155817429,-0.046569840792435944,Monday,0
2023-08-01 20:00:00+00:00,29705.99,2023-08-02 08:00:00+00:00,29452.829285714288,stop_loss,-253.16071428571377,-0.008522210984576301,1.254787148185936,1.3273889155817429,-0.05469517376826089,Tuesday,20
2023-08-08 12:00:00+00:00,29535.39,2023-08-08 16:00:00+00:00,29894.60857142857,take_profit,359.2185714285697,0.012162310077116628,1.2700482585629544,1.3273889155817429,-0.04319808335423553,Tuesday,12
2023-08-14 12:00:00+00:00,29599.99,2023-08-14 16:00:00+00:00,29510.079285714288,stop_loss,-89.91071428571377,-0.003037525157465045,1.2661904550263747,1.3273889155817429,-0.046104393246757865,Monday,12
2023-08-23 12:00:00+00:00,26144.0,2023-08-23 16:00:00+00:00,26627.72714285714,take_profit,483.7271428571403,0.018502415194964057,1.2896180365411731,1.3273889155817429,-0.028455020677957254,Wednesday,12
2023-08-29 12:00:00+00:00,27423.44,2023-08-29 16:00:00+00:00,27712.345714285715,take_profit,288.9057142857164,0.010534991754707521,1.3032041519228565,1.3273889155817429,-0.018219802331472003,Tuesday,12
2023-09-07 20:00:00+00:00,26255.0,2023-09-08 08:00:00+00:00,26072.267857142855,stop_loss,-182.73214285714494,-0.006959898794787467,1.2941339829165266,1.3273889155817429,-0.025052893145971422,Thursday,20
2023-09-12 08:00:00+00:00,26098.99,2023-09-12 20:00:00+00:00,25800.07785714286,stop_loss,-298.9121428571416,-0.011453015724253758,1.2793122460608926,1.3273889155817429,-0.03621897769108626,Tuesday,8
2023-09-14 12:00:00+00:00,26693.97,2023-09-15 12:00:00+00:00,26337.142142857145,stop_loss,-356.8278571428564,-0.0133673581390425,1.2622112210961336,1.3273889155817429,-0.049102183783902124,Thursday,12
2023-09-18 00:00:00+00:00,26658.66,2023-09-18 08:00:00+00:00,26956.260000000002,take_profit,297.6000000000022,0.011163351796376944,1.2763017289985643,1.3273889155817429,-0.03848697693907519,Monday,0
2023-09-18 12:00:00+00:00,27269.42,2023-09-18 16:00:00+00:00,27098.352857142854,stop_loss,-171.06714285714406,-0.006273222637560464,1.268295204099853,1.3273889155817429,-0.04451876220165017,Monday,12
2023-09-19 12:00:00+00:00,27422.24,2023-09-19 16:00:00+00:00,27158.38857142857,stop_loss,-263.85142857143,-0.009621804366507987,1.2560919157670238,1.3273889155817429,-0.05371221574761482,Tuesday,12
2023-09-27 08:00:00+00:00,26766.7,2023-09-27 12:00:00+00:00,26583.963571428572,stop_loss,-182.7364285714284,-0.00682700626418006,1.2475165683896965,1.3273889155817429,-0.06017252837842287,Wednesday,8
2023-09-28 12:00:00+00:00,27020.0,2023-09-29 12:00:00+00:00,26786.48642857143,stop_loss,-233.5135714285716,-0.008642249127630333,1.2367352194148262,1.3273889155817429,-0.0682947515251675,Thursday,12
2023-10-01 20:00:00+00:00,27992.57,2023-10-02 00:00:00+00:00,27843.499285714286,stop_loss,-149.07071428571362,-0.005325367205859041,1.2301491502350235,1.3273889155817429,-0.07325642410092223,Sunday,20
2023-10-02 04:00:00+00:00,28311.91,2023-10-02 12:00:00+00:00,28110.855,stop_loss,-201.0550000000003,-0.0071014283388157245,1.2214133341985742,1.3273889155817429,-0.07983762719362748,Monday,4
2023-10-06 12:00:00+00:00,27941.12,2023-10-09 08:00:00+00:00,27683.691428571427,stop_loss,-257.42857142857247,-0.009213251703173405,1.2101601457169904,1.3273889155817429,-0.08831531474208197,Friday,12
2023-10-15 20:00:00+00:00,27154.15,2023-10-16 04:00:00+00:00,27426.857142857145,take_profit,272.7071428571435,0.010042926877001986,1.2223136955698881,1.3273889155817429,-0.07915933211315418,Sunday,20
2023-10-16 12:00:00+00:00,28064.16,2023-10-16 16:00:00+00:00,28418.087142857144,take_profit,353.92714285714464,0.012611357078107616,1.2377287300461814,1.3273889155817429,-0.06754628163838995,Monday,12
2023-10-19 12:00:00+00:00,28680.09,2023-10-20 00:00:00+00:00,29254.647142857142,take_profit,574.557142857142,0.02003331031587216,1.2625245337820667,1.3273889155817429,-0.04886614694326312,Thursday,12
2023-10-20 04:00:00+00:00,29240.51,2023-10-20 08:00:00+00:00,29892.304285714283,take_profit,651.7942857142843,0.02229079744895983,1.2906672124389453,1.3273889155817429,-0.027664614877926604,Friday,4
2023-10-23 00:00:00+00:00,30736.69,2023-10-23 04:00:00+00:00,30444.98642857143,stop_loss,-291.7035714285703,-0.009490402884258856,1.2784182606033965,1.3273889155817429,-0.036892469421356044,Monday,0
2023-10-23 12:00:00+00:00,30883.33,2023-10-23 20:00:00+00:00,31626.66142857143,take_profit,743.3314285714296,0.024069018093950022,1.3091885328494957,1.3273889155817429,-0.013711416841439197,Monday,12
2023-10-24 00:00:00+00:00,34061.6,2023-10-24 12:00:00+00:00,33409.47142857143,stop_loss,-652.1285714285696,-0.01914556484218503,1.2841233789031805,1.3273889155817429,-0.032594468863408256,Tuesday,0
2023-10-29 16:00:00+00:00,34561.97,2023-10-30 00:00:00+00:00,34280.21571428572,stop_loss,-281.75428571428347,-0.00815214774257033,1.2736550153986732,1.3273889155817429,-0.04048090168021344,Sunday,16
2023-10-30 08:00:00+00:00,34608.51,2023-10-30 16:00:00+00:00,34341.040714285715,stop_loss,-267.46928571428725,-0.007728425341463335,1.2638116677013842,1.3273889155817429,-0.047896473395286146,Monday,8
2023-11-01 20:00:00+00:00,35421.43,2023-11-02 12:00:00+00:00,35021.00571428571,stop_loss,-400.424285714289,-0.01130457707987196,1.2495248112894124,1.3273889155817429,-0.05865960109980704,Wednesday,20
2023-11-07 16:00:00+00:00,35453.98,2023-11-09 00:00:00+00:00,36174.694285714286,take_profit,720.7142857142826,0.020328163035977415,1.2749253553708026,1.3273889155817429,-0.03952387999861178,Tuesday,16
2023-11-09 04:00:00+00:00,36533.04,2023-11-09 12:00:00+00:00,37452.86,take_profit,919.8199999999997,0.025177756901697743,1.3070251160361392,1.3273889155817429,-0.015341245739331018,Thursday,4
2023-11-15 16:00:00+00:00,37499.99,2023-11-16 12:00:00+00:00,36966.46,stop_loss,-533.5299999999988,-0.014227470460658758,1.288429454806396,1.3273889155817429,-0.029350449079403786,Wednesday,16
2023-11-19 20:00:00+00:00,37359.86,2023-11-20 12:00:00+00:00,37007.53928571429,stop_loss,-352.3207142857136,-0.00943046131023279,1.2762789706818798,1.3273889155817429,-0.03850412211515537,Sunday,20
2023-11-20 16:00:00+00:00,37569.23,2023-11-21 08:00:00+00:00,37226.34142857143,stop_loss,-342.8885714285716,-0.009126845863718036,1.2646305692373616,1.3273889155817429,-0.04727954679121057,Monday,16
2023-11-24 08:00:00+00:00,37741.99,2023-11-26 12:00:00+00:00,37299.29285714286,stop_loss,-442.69714285714144,-0.011729565474876694,1.2497970021739615,1.3273889155817429,-0.05845454372637718,Friday,8
2023-11-28 16:00:00+00:00,38114.26,2023-11-28 20:00:00+00:00,37741.67857142857,stop_loss,-372.58142857142957,-0.009775381407678637,1.2375797597955376,1.3273889155817429,-0.06765850967411871,Tuesday,16
2023-12-01 08:00:00+00:00,38580.17,2023-12-02 16:00:00+00:00,39363.18142857143,take_profit,783.0114285714299,0.020295696690072383,1.2626973032301205,1.3273889155817429,-0.048735989574894514,Friday,8
2023-12-03 20:00:00+00:00,39972.26,2023-12-04 00:00:00+00:00,40645.66285714286,take_profit,673.4028571428571,0.016846754652923228,1.2839696548985462,1.3273889155817429,-0.03271027818110694,Sunday,20
2023-12-04 04:00:00+00:00,41441.1,2023-12-04 20:00:00+00:00,42199.51571428571,take_profit,758.4157142857148,0.018301051716429217,1.3074676499551703,1.3273889155817429,-0.015007858957328929,Monday,4
2023-12-05 16:00:00+00:00,43814.36,2023-12-07 08:00:00+00:00,43185.60071428571,stop_loss,-628.7592857142881,-0.014350529956714833,1.288704796277053,1.3273889155817429,-0.029143018184490492,Tuesday,16
2023-12-18 20:00:00+00:00,42657.8,2023-12-19 16:00:00+00:00,42122.906428571434,stop_loss,-534.893571428569,-0.012539173877428488,1.272545502759859,1.3273889155817429,-0.041316762689590676,Monday,20
2023-12-20 12:00:00+00:00,44027.2,2023-12-20 20:00:00+00:00,43414.913571428566,stop_loss,-612.2864285714313,-0.013907003592584387,1.2548482078812504,1.3273889155817429,-0.054649173915016995,Wednesday,12
2024-01-01 20:00:00+00:00,44179.55,2024-01-02 00:00:00+00:00,45078.64571428572,take_profit,899.0957142857151,0.020350947763970322,1.2803855582115535,1.3273889155817429,-0.035410388634735286,Monday,20
2024-01-02 04:00:00+00:00,45455.53,2024-01-02 12:00:00+00:00,44915.84,stop_loss,-539.6900000000023,-0.0118729228324915,1.265183639283071,1.3273889155817429,-0.04686288665549813,Tuesday,4
2024-01-08 08:00:00+00:00,44635.99,2024-01-08 16:00:00+00:00,45602.39428571428,take_profit,966.4042857142849,0.021650786410568803,1.292575860027335,1.3273889155817429,-0.02622671859449025,Monday,8
2024-01-16 12:00:00+00:00,43252.67,2024-01-17 04:00:00+00:00,42683.887142857144,stop_loss,-568.7828571428545,-0.01315023690197286,1.2755781812542042,1.3273889155817429,-0.03903206793378417,Tuesday,12
2024-01-26 08:00:00+00:00,41289.52,2024-01-28 04:00:00+00:00,42294.521428571425,take_profit,1005.0014285714278,0.02434035146379585,1.3066262025054811,1.3273889155817429,-0.0156417707218553,Friday,8
2024-01-29 12:00:00+00:00,42641.75,2024-01-30 00:00:00+00:00,43440.80142857143,take_profit,799.0514285714307,0.01873871097155794,1.3311106932620957,1.3311106932620957,0.0,Monday,12
2024-02-05 08:00:00+00:00,43194.08,2024-02-05 12:00:00+00:00,42865.60285714286,stop_loss,-328.4771428571403,-0.00760467968890969,1.3209880228093551,1.3311106932620957,-0.0076046796889095904,Monday,8
2024-02-07 16:00:00+00:00,43615.47,2024-02-08 00:00:00+00:00,44469.00285714286,take_profit,853.5328571428618,0.01956949809649791,1.3468390954072194,1.3468390954072194,0.0,Wednesday,16
2024-02-08 12:00:00+00:00,45432.3,2024-02-08 16:00:00+00:00,45005.66928571429,stop_loss,-426.6307142857113,-0.009390471410994188,1.3341916413865886,1.3468390954072194,-0.009390471410994155,Thursday,12
2024-02-09 00:00:00+00:00,46060.74,2024-02-09 08:00:00+00:00,46990.362857142856,take_profit,929.6228571428583,0.020182542815049397,1.3611190213123545,1.3611190213123545,0.0,Friday,0
2024-02-09 16:00:00+00:00,47509.48,2024-02-10 08:00:00+00:00,46864.07785714286,stop_loss,-645.4021428571432,-0.013584702313246601,1.3426286245949286,1.3611190213123545,-0.013584702313246618,Friday,16
2024-02-12 12:00:00+00:00,49917.8,2024-02-13 12:00:00+00:00,49365.48142857143,stop_loss,-552.3185714285719,-0.011064561567788882,1.3277730275154223,1.3611190213123545,-0.024498955105910537,Monday,12
2024-02-14 08:00:00+00:00,51555.12,2024-02-17 12:00:00+00:00,50713.41071428572,stop_loss,-841.7092857142852,-0.016326395626938415,1.3060952797654277,1.3611190213123545,-0.04042537109934323,Wednesday,8
2024-02-26 12:00:00+00:00,52842.32,2024-02-26 16:00:00+00:00,53524.05285714286,take_profit,681.7328571428588,0.012901266582217791,1.3229455631514577,1.3611190213123545,-0.02804564300636322,Monday,12
2024-02-27 00:00:00+00:00,55667.6,2024-02-27 12:00:00+00:00,56871.74,take_profit,1204.1399999999994,0.021630894811344472,1.3515620594691218,1.3611190213123545,-0.007021400548805915,Tuesday,0
2024-02-28 08:00:00+00:00,58941.11,2024-02-28 12:00:00+00:00,61053.02857142857,take_profit,2111.9185714285704,0.035830994214879404,1.3999898718030104,1.3999898718030104,0.0,Wednesday,8
2024-03-04 00:00:00+00:00,63458.72,2024-03-04 08:00:00+00:00,64787.061428571425,take_profit,1328.3414285714243,0.020932370343609584,1.4292949782768933,1.4292949782768933,0.0,Monday,0
2024-03-04 12:00:00+00:00,66451.65,2024-03-04 20:00:00+00:00,68061.40999999999,take_profit,1609.7599999999948,0.024224530165917548,1.4639189775941566,1.4639189775941566,0.0,Monday,12
2024-03-08 16:00:00+00:00,68863.99,2024-03-11 00:00:00+00:00,67547.91714285716,stop_loss,-1316.072857142848,-0.019111190872658525,1.4359417425912475,1.4639189775941566,-0.01911119087265853,Friday,16
2024-03-11 04:00:00+00:00,71019.99,2024-03-11 12:00:00+00:00,72653.37142857144,take_profit,1633.3814285714325,0.022998896910171804,1.468966818698116,1.468966818698116,0.0,Monday,4
2024-03-24 20:00:00+00:00,67209.99,2024-03-25 12:00:00+00:00,69628.88,take_profit,2418.8899999999994,0.035990036600213736,1.5218349882675606,1.5218349882675606,0.0,Sunday,20
2024-03-25 16:00:00+00:00,70960.89,2024-03-25 20:00:00+00:00,69763.30785714285,stop_loss,-1197.5821428571508,-0.016876650544506287,1.496151510984166,1.5218349882675606,-0.01687665054450631,Monday,16
2024-03-28 12:00:00+00:00,71290.39,2024-03-29 04:00:00+00:00,70062.07571428572,stop_loss,-1228.3142857142811,-0.017229731604979034,1.4703732220095251,1.5218349882675606,-0.03381560199021244,Thursday,12
2024-04-08 04:00:00+00:00,70698.63,2024-04-08 08:00:00+00:00,72196.38714285714,take_profit,1497.7571428571391,0.021185094291885698,1.5015232173620607,1.5218349882675606,-0.013346894415026254,Monday,4
2024-04-19 04:00:00+00:00,64547.18,2024-04-27 00:00:00+00:00,62787.54142857143,stop_loss,-1759.6385714285716,-0.02726127727700221,1.4605897765956972,1.5218349882675606,-0.04024431830259351,Friday,4
2024-05-03 12:00:00+00:00,61690.74,2024-05-05 12:00:00+00:00,64547.23714285714,take_profit,2856.4971428571444,0.04630349940456452,1.5282201944466092,1.5282201944466092,0.0,Friday,12
2024-05-13 04:00:00+00:00,62334.37,2024-05-14 04:00:00+00:00,61764.89428571429,stop_loss,-569.4757142857125,-0.009135822087970287,1.5142586466389016,1.5282201944466092,-0.009135822087970256,Monday,4
2024-05-15 12:00:00+00:00,64725.11,2024-05-15 16:00:00+00:00,66407.39142857143,take_profit,1682.2814285714267,0.025991171410468465,1.553616002683477,1.553616002683477,0.0,Wednesday,12
2024-05-20 12:00:00+00:00,67419.99,2024-05-20 16:00:00+00:00,68616.81857142858,take_profit,1196.828571428574,0.017751835493131547,1.581195538382611,1.581195538382611,0.0,Monday,12
2024-05-20 20:00:00+00:00,71446.62,2024-05-21 12:00:00+00:00,70684.74428571427,stop_loss,-761.8757142857212,-0.01066356553026191,1.5643343561429104,1.581195538382611,-0.010663565530261874,Monday,20
2024-05-27 12:00:00+00:00,70373.85,2024-05-27 16:00:00+00:00,69820.66142857143,stop_loss,-553.1885714285745,-0.007860712060354443,1.552037574203151,1.581195538382611,-0.018440454372446267,Monday,12
2024-06-03 00:00:00+00:00,68382.81,2024-06-03 12:00:00+00:00,69345.18571428572,take_profit,962.3757142857212,0.014073357241179783,1.5738799534366459,1.581195538382611,-0.004626616233339628,Monday,0
2024-06-04 12:00:00+00:00,70445.0,2024-06-07 16:00:00+00:00,69651.785,stop_loss,-793.2149999999965,-0.011260061040528022,1.5561579690904859,1.581195538382611,-0.015834581292669136,Tuesday,12
2024-06-10 12:00:00+00:00,70066.12,2024-06-10 16:00:00+00:00,69770.59571428571,stop_loss,-295.52428571428754,-0.004217791504856949,1.5495944192282407,1.581195538382611,-0.019985585835066818,Monday,12
2024-06-30 20:00:00+00:00,62772.01,2024-07-01 16:00:00+00:00,63830.078571428574,take_profit,1058.0685714285719,0.016855738272975037,1.5757139771880146,1.581195538382611,-0.003466719366159768,Sunday,20
2024-07-09 12:00:00+00:00,57477.01,2024-07-14 04:00:00+00:00,59965.99857142857,take_profit,2488.98857142857,0.04330407186157683,1.6439488084894556,1.6439488084894556,0.0,Tuesday,12
2024-07-14 20:00:00+00:00,60797.91,2024-07-15 00:00:00+00:00,62259.15285714286,take_profit,1461.2428571428536,0.024034425807447222,1.6834601741583366,1.6834601741583366,0.0,Sunday,20
2024-07-15 12:00:00+00:00,63026.0,2024-07-15 20:00:00+00:00,64775.71,take_profit,1749.7099999999991,0.02776171738647541,1.7301959197447072,1.7301959197447072,0.0,Monday,12
2024-07-16 12:00:00+00:00,64878.24,2024-07-18 12:00:00+00:00,63766.7,stop_loss,-1111.5400000000009,-0.01713270890209107,1.7005529767081353,1.7301959197447072,-0.017132708902091127,Tuesday,12
2024-07-19 12:00:00+00:00,65836.77,2024-07-21 16:00:00+00:00,67602.30571428571,take_profit,1765.5357142857101,0.02681686410626934,1.7461564747900293,1.7461564747900293,0.0,Friday,12
2024-07-27 12:00:00+00:00,68844.0,2024-07-27 16:00:00+00:00,67982.77071428571,stop_loss,-861.2292857142893,-0.01250986702856152,1.7243122894793443,1.7461564747900293,-0.012509867028561515,Saturday,12
2024-07-29 00:00:00+00:00,69347.67,2024-07-29 12:00:00+00:00,68453.19428571429,stop_loss,-894.4757142857125,-0.012898424911546595,1.702071376889438,1.7461564747900293,-0.025246934359586793,Monday,0
2024-08-08 12:00:00+00:00,59428.03,2024-08-08 20:00:00+00:00,62104.53428571428,take_profit,2676.5042857142835,0.045037742050582585,1.7787288285134644,1.7787288285134644,0.0,Thursday,12
2024-08-13 16:00:00+00:00,60820.15,2024-08-14 12:00:00+00:00,59502.05785714286,stop_loss,-1318.0921428571382,-0.02167196468369674,1.7401802801600474,1.7787288285134644,-0.021671964683696653,Tuesday,16
2024-08-20 00:00:00+00:00,60619.18,2024-08-20 12:00:00+00:00,59906.36714285714,stop_loss,-712.8128571428606,-0.011758866700982439,1.719717732209967,1.7787288285134644,-0.03317599364081518,Tuesday,0
2024-08-21 16:00:00+00:00,61570.0,2024-08-22 00:00:00+00:00,60562.08857142857,stop_loss,-1007.9114285714313,-0.016370171001647414,1.6915656588591246,1.7787288285134644,-0.04900306795341289,Wednesday,16
2024-08-23 16:00:00+00:00,63628.84,2024-08-27 08:00:00+00:00,62633.21214285714,stop_loss,-995.6278571428556,-0.01564743058560954,1.6650970026311256,1.7787288285134644,-0.06388372643473947,Friday,16
2024-09-09 12:00:00+00:00,55386.0,2024-09-09 16:00:00+00:00,56659.78571428572,take_profit,1273.7857142857174,0.02299833377181449,1.703391459260084,1.7787288285134644,-0.042354611926058425,Monday,12
2024-09-13 12:00:00+00:00,59667.38,2024-09-15 20:00:00+00:00,58871.799999999996,stop_loss,-795.5800000000017,-0.013333583609670841,1.6806791468180404,1.7787288285134644,-0.05512345677635805,Friday,12
2024-09-17 12:00:00+00:00,61135.5,2024-09-17 16:00:00+00:00,60398.87,stop_loss,-736.6299999999974,-0.012049136753604655,1.6604284139390983,1.7787288285134644,-0.0665084034609329,Tuesday,12
2024-09-19 00:00:00+00:00,62117.99,2024-09-23 00:00:00+00:00,64448.27714285714,take_profit,2330.287142857145,0.03751388515399718,1.7227175347660433,1.7787288285134644,-0.03148950691614492,Thursday,0
2024-09-26 12:00:00+00:00,65229.03,2024-09-30 00:00:00+00:00,64462.172857142854,stop_loss,-766.8571428571449,-0.011756378147232068,1.7024646159864663,1.7787288285134644,-0.04287568251240091,Thursday,12
2024-10-07 00:00:00+00:00,63530.51,2024-10-07 08:00:00+00:00,63094.055714285714,stop_loss,-436.45428571428783,-0.006869994994755871,1.6907686925958902,1.7787288285134644,-0.04945112178289986,Monday,0
2024-10-07 12:00:00+00:00,63651.6,2024-10-07 16:00:00+00:00,63147.017857142855,stop_loss,-504.5821428571435,-0.007927249949053024,1.677365546563649,1.7787288285134644,-0.05698636032931879,Monday,12
2024-10-11 16:00:00+00:00,63086.01,2024-10-13 12:00:00+00:00,62254.24285714286,stop_loss,-831.7671428571412,-0.013184652870852683,1.6552500640946792,1.7787288285134644,-0.06941966782085605,Friday,16
2024-10-14 00:00:00+00:00,64299.99,2024-10-14 12:00:00+00:00,65498.12142857142,take_profit,1198.1314285714252,0.01863346212917646,1.6860931034783042,1.7787288285134644,-0.0520797344430396,Monday,0
2024-10-14 16:00:00+00:00,65939.4,2024-10-15 12:00:00+00:00,65168.11142857142,stop_loss,-771.288571428573,-0.011696930384998546,1.6663709898242924,1.7787288285134644,-0.06316749179978864,Monday,16
2024-10-15 16:00:00+00:00,66970.18,2024-10-20 20:00:00+00:00,69044.06142857143,take_profit,2073.8814285714325,0.03096723688918609,1.7179738950114487,1.7787288285134644,-0.03415637759286239,Tuesday,16
2024-10-28 04:00:00+00:00,68415.52,2024-10-28 16:00:00+00:00,69485.77285714286,take_profit,1070.2528571428556,0.015643422094034447,1.7448488857976452,1.7787288285134644,-0.019047278130716324,Monday,4
2024-10-28 20:00:00+00:00,69962.21,2024-10-29 00:00:00+00:00,71144.4542857143,take_profit,1182.2442857142887,0.016898326764038595,1.7743339124237225,1.7787288285134644,-0.0024708184964960687,Monday,20
2024-10-29 04:00:00+00:00,71017.97,2024-10-29 16:00:00+00:00,72463.11,take_profit,1445.1399999999994,0.02034893422045152,1.8104397164927493,1.8104397164927493,0.0,Tuesday,4
2024-11-05 12:00:00+00:00,69639.99,2024-11-05 16:00:00+00:00,68756.46714285715,stop_loss,-883.5228571428597,-0.01268700436549258,1.7874706599061447,1.8104397164927493,-0.01268700436549251,Tuesday,12
2024-11-06 00:00:00+00:00,74348.53,2024-11-06 04:00:00+00:00,73274.80142857143,stop_loss,-1073.728571428568,-0.01444182650858824,1.7616563187465883,1.8104397164927493,-0.026945607358120665,Wednesday,0
2024-11-10 04:00:00+00:00,78832.37,2024-11-10 16:00:00+00:00,80367.35285714285,take_profit,1534.9828571428516,0.019471479255829195,1.7959583732129631,1.8104397164927493,-0.007998798937000737,Sunday,4
2024-11-10 20:00:00+00:00,80370.01,2024-11-11 08:00:00+00:00,82366.56571428571,take_profit,1996.5557142857142,0.024842048847396117,1.8405736588482098,1.8405736588482098,0.0,Sunday,20
2024-11-11 12:00:00+00:00,84059.54,2024-11-11 16:00:00+00:00,86581.56999999999,take_profit,2522.029999999999,0.030002900325174265,1.8957962068757739,1.8957962068757739,0.0,Monday,12
2024-11-11 20:00:00+00:00,88647.99,2024-11-12 00:00:00+00:00,87048.18142857144,stop_loss,-1599.8085714285698,-0.018046755165329408,1.8615832368869267,1.8957962068757739,-0.018046755165329345,Monday,20
2024-11-13 12:00:00+00:00,92540.01,2024-11-13 16:00:00+00:00,90076.55357142857,stop_loss,-2463.4564285714296,-0.026620446967440675,1.8120270590539016,1.8957962068757739,-0.04418678944395706,Wednesday,12
2024-11-18 04:00:00+00:00,91719.9,2024-11-18 08:00:00+00:00,90624.79214285714,stop_loss,-1095.1078571428516,-0.01193969746088746,1.7903920041778565,1.8957962068757739,-0.05559891000711567,Monday,4
2024-11-18 12:00:00+00:00,92309.51,2024-11-18 16:00:00+00:00,91097.41428571427,stop_loss,-1212.0957142857224,-0.01313077833785189,1.7668827636331346,1.8957962068757739,-0.067999631381838,Monday,12
2024-11-19 12:00:00+00:00,92391.99,2024-11-21 00:00:00+00:00,95441.15857142858,take_profit,3049.1685714285704,0.03300252079675489,1.8251943487853648,1.8957962068757739,-0.03724126983393391,Tuesday,12
2024-11-21 04:00:00+00:00,96912.01,2024-11-25 12:00:00+00:00,95553.98714285714,stop_loss,-1358.0228571428597,-0.014012946972649312,1.7996179971610562,1.8957962068757739,-0.05073235686720623,Thursday,4
2024-11-29 12:00:00+00:00,98019.47,2024-11-30 00:00:00+00:00,96643.66285714286,stop_loss,-1375.807142857142,-0.014036059803803694,1.7743584513289021,1.8957962068757739,-0.06405633427603394,Friday,12
2024-12-04 16:00:00+00:00,97209.64,2024-12-05 00:00:00+00:00,100077.28571428571,take_profit,2867.6457142857107,0.029499602244033727,1.8267013198814444,1.8957962068757739,-0.036446368414354106,Wednesday,16
2024-12-15 12:00:00+00:00,102704.01,2024-12-15 20:00:00+00:00,104827.8757142857,take_profit,2123.865714285712,0.020679481884745415,1.864476556734773,1.8957962068757739,-0.016520578544998218,Sunday,12
2024-12-16 00:00:00+00:00,104582.28,2024-12-16 12:00:00+00:00,103439.77357142857,stop_loss,-1142.5064285714325,-0.010924474285428015,1.8441081305349407,1.8957962068757739,-0.027264574194930932,Monday,0
2024-12-16 16:00:00+00:00,106583.12,2024-12-18 00:00:00+00:00,105228.87357142857,stop_loss,-1354.2464285714232,-0.012706012251953435,1.820676870034437,1.8957962068757739,-0.03962416243311923,Monday,16
2024-12-24 12:00:00+00:00,98300.0,2024-12-26 08:00:00+00:00,96562.73357142857,stop_loss,-1737.2664285714272,-0.017673107106525202,1.788499852703945,1.8957962068757739,-0.056596987472957654,Tuesday,12
2024-12-31 12:00:00+00:00,95412.0,2024-12-31 16:00:00+00:00,94087.885,stop_loss,-1324.1150000000052,-0.013877866515742309,1.763679290484695,1.8957962068757739,-0.06968940855135711,Tuesday,12
2025-01-02 16:00:00+00:00,97317.74,2025-01-06 04:00:00+00:00,99767.23714285715,take_profit,2449.4971428571444,0.025170098923969507,1.8080712726963513,1.8957962068757739,-0.04627339893457809,Thursday,16
2025-01-06 12:00:00+00:00,102147.95,2025-01-06 16:00:00+00:00,101402.56999999999,stop_loss,-745.3800000000047,-0.007297062740857792,1.7948776631795433,1.8957962068757739,-0.05323280178017755,Monday,12
2025-01-14 08:00:00+00:00,96548.04,2025-01-15 12:00:00+00:00,99485.93714285715,take_profit,2937.897142857153,0.030429381506420567,1.8494946803497863,1.8957962068757739,-0.02442326150778169,Tuesday,8
2025-01-17 12:00:00+00:00,104000.0,2025-01-18 08:00:00+00:00,102539.29071428571,stop_loss,-1460.7092857142852,-0.01404528159340659,1.823518006758766,1.8957962068757739,-0.0381255115158821,Friday,12
2025-01-20 04:00:00+00:00,107120.65,2025-01-20 12:00:00+00:00,105106.05571428571,stop_loss,-2014.59428571428,-0.018806778018190518,1.7892235083934807,1.8957962068757739,-0.05621527150216343,Monday,4
2025-01-29 16:00:00+00:00,103583.99,2025-01-31 20:00:00+00:00,101958.675,stop_loss,-1625.3150000000023,-0.015690793529000015,1.7611491717460455,1.8957962068757739,-0.07102400281284636,Wednesday,16
2025-02-10 04:00:00+00:00,97429.83,2025-02-11 16:00:00+00:00,96482.08285714286,stop_loss,-947.7471428571444,-0.009727484312116159,1.7440176208065894,1.8957962068757739,-0.08006060225181688,Monday,4
2025-02-14 16:00:00+00:00,97940.45,2025-02-14 20:00:00+00:00,96736.34642857143,stop_loss,-1204.103571428568,-0.01229424177067359,1.7225762465240781,1.8957962068757739,-0.09137055962210096,Friday,16
2025-03-02 12:00:00+00:00,87427.99,2025-03-02 16:00:00+00:00,90579.91285714286,take_profit,3151.922857142854,0.03605164498397886,1.784677953821599,1.8957962068757739,-0.05861297361560553,Sunday,12
2025-03-14 12:00:00+00:00,84724.58,2025-03-16 08:00:00+00:00,83235.75928571429,stop_loss,-1488.8207142857136,-0.017572476774576087,1.7533167419279712,1.8957962068757739,-0.07515547527263251,Friday,12
2025-03-19 12:00:00+00:00,84733.05,2025-03-19 16:00:00+00:00,83671.61857142857,stop_loss,-1061.4314285714354,-0.012526769997910324,1.731353346368354,1.8957962068757739,-0.08674078991771896,Wednesday,12
2025-03-24 00:00:00+00:00,86532.07,2025-03-24 08:00:00+00:00,87679.04142857144,take_profit,1146.971428571429,0.013254871038811724,1.7543022116970814,1.8957962068757739,-0.07463565686307132,Monday,0
2025-03-24 12:00:00+00:00,88350.01,2025-03-24 16:00:00+00:00,87720.51357142857,stop_loss,-629.4964285714232,-0.007125029511274795,1.741802756667045,1.8957962068757739,-0.08122890511660336,Monday,12
2025-04-01 08:00:00+00:00,83930.3,2025-04-01 12:00:00+00:00,82960.29785714285,stop_loss,-970.002142857149,-0.011557234310578528,1.7216723340854325,1.8957962068757739,-0.09184735793795752,Tuesday,8
2025-04-02 12:00:00+00:00,86757.67,2025-04-02 20:00:00+00:00,85613.81999999999,stop_loss,-1143.8500000000058,-0.013184425077344814,1.6989730741889457,1.8957962068757739,-0.10382082840601728,Wednesday,12
2025-04-09 16:00:00+00:00,82332.08,2025-04-10 12:00:00+00:00,80063.87428571428,stop_loss,-2268.205714285723,-0.02754947663517942,1.6521672551777784,1.8957962068757739,-0.12851009555478016,Wednesday,16
2025-04-12 12:00:00+00:00,85008.4,2025-04-13 12:00:00+00:00,83520.65428571428,stop_loss,-1487.7457142857165,-0.01750116122978102,1.6232524096663472,1.8957962068757739,-0.14376218088260248,Saturday,12
2025-04-21 00:00:00+00:00,87205.56,2025-04-21 08:00:00+00:00,86708.61642857143,stop_loss,-496.9435714285646,-0.005698530821068802,1.6140022557794893,1.8957962068757739,-0.14864147848500772,Monday,0
2025-04-21 12:00:00+00:00,88044.8,2025-04-21 16:00:00+00:00,87331.03285714285,stop_loss,-713.7671428571484,-0.00810686312941989,1.60091776040131,1.8957962068757739,-0.15554332549299502,Monday,12
2025-04-22 00:00:00+00:00,88157.55,2025-04-22 12:00:00+00:00,90007.95571428571,take_profit,1850.4057142857055,0.02098975883841719,1.6345206381122723,1.8957962068757739,-0.13781838354560133,Tuesday,0
2025-04-22 20:00:00+00:00,93442.99,2025-04-23 12:00:00+00:00,92220.75285714286,stop_loss,-1222.2371428571496,-0.01308003032498371,1.613141058598952,1.8957962068757739,-0.14909574523446834,Tuesday,20
2025-04-25 12:00:00+00:00,95061.22,2025-04-26 12:00:00+00:00,93871.05571428571,stop_loss,-1190.164285714287,-0.012519976976040145,1.5929445696861881,1.8957962068757739,-0.1597490469129474,Friday,12
2025-04-28 08:00:00+00:00,95319.99,2025-04-28 12:00:00+00:00,94587.43785714287,stop_loss,-732.5521428571374,-0.0076851890443666365,1.5807024895309525,1.8957962068757739,-0.16620653433213065,Monday,8
2025-05-01 08:00:00+00:00,96180.01,2025-05-04 12:00:00+00:00,95227.05857142857,stop_loss,-952.9514285714249,-0.009907998851023461,1.56504089108087,1.8957962068757739,-0.17446775903195874,Thursday,8
2025-05-06 20:00:00+00:00,96834.02,2025-05-07 16:00:00+00:00,95898.18785714287,stop_loss,-935.8321428571362,-0.009664290947098305,1.5499158805653583,1.8957962068757739,-0.18244594279488402,Tuesday,20
2025-05-08 00:00:00+00:00,99152.79,2025-05-08 12:00:00+00:00,101282.99714285713,take_profit,2130.207142857136,0.021484086760010852,1.583214407814143,1.8957962068757739,-0.16488154049889048,Thursday,0
2025-05-08 20:00:00+00:00,103261.6,2025-05-12 04:00:00+00:00,105803.05142857143,take_profit,2541.451428571425,0.0246117765807563,1.622180127098699,1.8957962068757739,-0.1443277915551838,Thursday,20
2025-05-18 12:00:00+00:00,105518.0,2025-05-18 16:00:00+00:00,104871.26,stop_loss,-646.7400000000052,-0.006129191228036972,1.6122374748933899,1.8957962068757739,-0.14957237014925878,Sunday,12
2025-05-18 20:00:00+00:00,106454.26,2025-05-19 00:00:00+00:00,105606.67857142857,stop_loss,-847.5814285714296,-0.007961930584754707,1.5994009520321486,1.8957962068757739,-0.15634341590548778,Sunday,20
2025-05-21 12:00:00+00:00,108973.35,2025-05-21 16:00:00+00:00,107652.16428571429,stop_loss,-1321.1857142857189,-0.01212393410210587,1.5800099202868654,1.8957962068757739,-0.16657185273585742,Wednesday,12
2025-05-22 00:00:00+00:00,111780.84,2025-05-23 08:00:00+00:00,110126.60214285714,stop_loss,-1654.2378571428562,-0.0147989392201996,1.5566274495092276,1.8957962068757739,-0.17890570523162305,Thursday,0
2025-05-27 12:00:00+00:00,110140.11,2025-05-27 20:00:00+00:00,108983.54071428571,stop_loss,-1156.5692857142858,-0.010500890962559288,1.5402814743926045,1.8957962068757739,-0.18752792689096523,Tuesday,12
2025-06-03 12:00:00+00:00,106610.66,2025-06-03 16:00:00+00:00,105648.57785714285,stop_loss,-962.0821428571508,-0.00902425838895614,1.5263815763759634,1.8957962068757739,-0.194859884812512,Tuesday,12
2025-06-09 08:00:00+00:00,107759.21,2025-06-09 12:00:00+00:00,107162.89071428572,stop_loss,-596.3192857142858,-0.005533812708113634,1.5179348666111836,1.8957962068757739,-0.19931537941374858,Monday,8
2025-06-09 16:00:00+00:00,108564.72,2025-06-09 20:00:00+00:00,110011.25,take_profit,1446.5299999999988,0.013324125922306978,1.5381600219157712,1.8957962068757739,-0.18864695670500284,Monday,16
2025-06-16 04:00:00+00:00,107061.8,2025-06-16 16:00:00+00:00,108653.88857142857,take_profit,1592.0885714285687,0.0148707435465177,1.5610336051351865,1.8957962068757739,-0.17658153367247634,Monday,4
2025-06-20 08:00:00+00:00,105977.82,2025-06-20 12:00:00+00:00,105015.58642857143,stop_loss,-962.2335714285728,-0.009079575060409552,1.54686008334554,1.8957962068757739,-0.18405782344362437,Friday,8
2025-06-23 20:00:00+00:00,105333.93,2025-07-02 16:00:00+00:00,108815.30142857142,take_profit,3481.371428571423,0.03305080735686425,1.5979850579682164,1.8957962068757739,-0.15709027575191903,Monday,20
2025-07-06 12:00:00+00:00,108905.99,2025-07-06 16:00:00+00:00,108395.56714285715,stop_loss,-510.4228571428539,-0.004686820781325746,1.590495588390283,1.8957962068757739,-0.1610408425643065,Sunday,12
2025-07-09 12:00:00+00:00,109071.32,2025-07-09 16:00:00+00:00,110566.82857142857,take_profit,1495.508571428567,0.013711290662188437,1.6123033356996304,1.8957962068757739,-0.14953762970300108,Wednesday,12
2025-07-10 16:00:00+00:00,113301.81,2025-07-10 20:00:00+00:00,115220.3757142857,take_profit,1918.565714285709,0.01693323093678476,1.6396048404231804,1.8957962068757739,-0.13513655398371674,Thursday,16
2025-07-11 04:00:00+00:00,117526.88,2025-07-14 00:00:00+00:00,120154.64,take_profit,2627.7599999999948,0.02235879996133646,1.6762644370658413,1.8957962068757739,-0.11579924520036657,Friday,4
2025-07-14 04:00:00+00:00,122736.04,2025-07-14 08:00:00+00:00,121844.50928571427,stop_loss,-891.53071428572,-0.007263805433886575,1.6640883783392515,1.8957962068757739,-0.1222219074477268,Monday,4
2025-07-21 04:00:00+00:00,119362.67,2025-07-21 08:00:00+00:00,118486.83428571429,stop_loss,-875.835714285713,-0.007337601565763509,1.6518779608487806,1.8957962068757739,-0.12866269335403127,Monday,4
2025-07-27 16:00:00+00:00,118960.0,2025-07-28 12:00:00+00:00,118166.01571428572,stop_loss,-793.9842857142794,-0.006674380343933081,1.6408526990563153,1.8957962068757739,-0.13447832994644468,Sunday,16
2025-08-04 12:00:00+00:00,114826.0,2025-08-05 04:00:00+00:00,113993.725,stop_loss,-832.2749999999942,-0.007248140665006133,1.6289595678830002,1.8957962068757739,-0.1407517527596038,Monday,12
2025-08-06 12:00:00+00:00,115413.87,2025-08-07 00:00:00+00:00,114440.63714285714,stop_loss,-973.2328571428516,-0.008432546773995636,1.6152232901338792,1.8957962068757739,-0.14799740379493218,Wednesday,12
2025-08-07 08:00:00+00:00,116519.53,2025-08-10 04:00:00+00:00,118517.02142857143,take_profit,1997.491428571433,0.0171429753327312,1.6429130231534974,1.8957962068757739,-0.13339154430476566,Thursday,8
2025-08-10 12:00:00+00:00,118815.0,2025-08-11 00:00:00+00:00,120565.05142857143,take_profit,1750.0514285714307,0.01472921288197139,1.6671118388180883,1.8957962068757739,-0.12062708387551414,Sunday,12
2025-08-22 12:00:00+00:00,116370.75,2025-08-23 08:00:00+00:00,115397.705,stop_loss,-973.0449999999983,-0.008361594300973383,1.6531721259675418,1.8957962068757739,-0.12798004343941097,Friday,12
2025-09-01 04:00:00+00:00,109432.99,2025-09-01 08:00:00+00:00,108698.5142857143,stop_loss,-734.4757142857125,-0.006711648053166714,1.6420766164867422,1.8957962068757739,-0.13383273448318342,Monday,4
2025-09-02 00:00:00+00:00,110322.18,2025-09-02 12:00:00+00:00,109307.90071428572,stop_loss,-1014.2792857142776,-0.009193792995336729,1.6269797039922802,1.8957962068757739,-0.14179609702168186,Tuesday,0
2025-09-05 04:00:00+00:00,112954.32,2025-09-05 12:00:00+00:00,111906.08214285715,stop_loss,-1048.2378571428562,-0.009280192711025627,1.6118810188023043,1.8957962068757739,-0.14976039462667506,Friday,4
2025-09-08 08:00:00+00:00,112052.43,2025-09-09 00:00:00+00:00,111527.18071428571,stop_loss,-525.2492857142788,-0.0046875314146625725,1.6043252758899702,1.8957962068757739,-0.15374591948685282,Monday,8
2025-09-09 04:00:00+00:00,112991.11,2025-09-09 12:00:00+00:00,112339.18214285714,stop_loss,-651.9278571428586,-0.005769726991290364,1.5950687570428583,1.8957962068757739,-0.1586285744966792,Tuesday,4
2025-09-10 12:00:00+00:00,113853.99,2025-09-12 00:00:00+00:00,115787.38714285714,take_profit,1933.3971428571385,0.0169813736247376,1.6221552155633487,1.8957962068757739,-0.14434093196302933,Wednesday,12
2025-09-16 12:00:00+00:00,115905.88,2025-09-17 16:00:00+00:00,115128.47071428572,stop_loss,-777.4092857142823,-0.006707246308075848,1.6112750209826354,1.8957962068757739,-0.15008004808809194,Tuesday,12
2025-09-28 20:00:00+00:00,112163.95,2025-09-29 00:00:00+00:00,111645.57714285715,stop_loss,-518.372857142851,-0.0046215638549003575,1.6038284105853584,1.8957962068757739,-0.15400800741740658,Sunday,20
2025-09-29 12:00:00+00:00,113815.57,2025-09-30 08:00:00+00:00,113270.76285714286,stop_loss,-544.807142857142,-0.00478675406938736,1.5961512784143899,1.8957962068757739,-0.15805756303057045,Monday,12
2025-10-01 08:00:00+00:00,116789.58,2025-10-01 20:00:00+00:00,118595.21142857142,take_profit,1805.631428571418,0.015460552461712919,1.6208286589911456,1.8957962068757739,-0.14504066781406222,Wednesday,8
2025-10-02 12:00:00+00:00,119910.78,2025-10-03 12:00:00+00:00,122122.8757142857,take_profit,2212.095714285708,0.018447846926570803,1.6507294579864131,1.8957962068757739,-0.1292685089254529,Thursday,12
2025-10-03 16:00:00+00:00,122660.99,2025-10-05 04:00:00+00:00,125227.50714285715,take_profit,2566.5171428571484,0.020923662387342123,1.6852687638581612,1.8957962068757739,-0.11104961717618206,Friday,16
2025-10-06 12:00:00+00:00,125000.0,2025-10-07 04:00:00+00:00,123870.77928571429,stop_loss,-1129.2207142857078,-0.009033765714285663,1.6700444406798627,1.8957962068757739,-0.11908018666623699,Monday,12
2025-10-20 00:00:00+00:00,110145.44,2025-10-21 00:00:00+00:00,109158.64357142858,stop_loss,-986.7964285714261,-0.008959031155274572,1.6550824605051189,1.8957962068757739,-0.12697237471919276,Monday,0
2025-10-21 12:00:00+00:00,113422.61,2025-10-21 16:00:00+00:00,112017.87857142858,stop_loss,-1404.7314285714237,-0.01238493302676974,1.6345843750779816,1.8957962068757739,-0.13778476338881543,Tuesday,12
2025-10-26 08:00:00+00:00,113286.09,2025-10-26 20:00:00+00:00,114942.70142857142,take_profit,1656.6114285714284,0.014623255410893151,1.658487319885402,1.8957962068757739,-0.12517636976468646,Sunday,8
2025-10-27 00:00:00+00:00,114958.51,2025-10-27 20:00:00+00:00,114114.28571428571,stop_loss,-844.2242857142846,-0.0073437302354935246,1.646307836409177,1.8957962068757739,-0.13160083850876972,Monday,0
2025-11-02 04:00:00+00:00,110895.53,2025-11-02 16:00:00+00:00,109881.09571428571,stop_loss,-1014.434285714291,-0.00914765713022239,1.6312479767909076,1.8957962068757739,-0.1395446562902641,Sunday,4
2025-11-10 00:00:00+00:00,106027.97,2025-11-10 12:00:00+00:00,104883.17642857143,stop_loss,-1144.7935714285704,-0.01079709034727884,1.6136352450066804,1.8957962068757739,-0.14883507037609695,Monday,0
2025-11-24 16:00:00+00:00,88327.29,2025-11-25 08:00:00+00:00,87066.32857142856,stop_loss,-1260.9614285714342,-0.014276011735120983,1.5905989693127602,1.8957962068757739,-0.1609863108999312,Monday,16
2025-11-26 16:00:00+00:00,89957.36,2025-11-28 12:00:00+00:00,92652.36285714286,take_profit,2695.0028571428556,0.029958669942546732,1.638251198845356,1.8957962068757739,-0.1358505767109038,Wednesday,16
2025-12-07 16:00:00+00:00,91425.52,2025-12-07 20:00:00+00:00,90435.10500000001,stop_loss,-990.4149999999936,-0.01083302561472982,1.6205039816449025,1.8957962068757739,-0.1452119295483486,Sunday,16
2025-12-09 12:00:00+00:00,92707.51,2025-12-11 00:00:00+00:00,91343.49285714285,stop_loss,-1364.0171428571484,-0.01471312456625303,1.596661304702852,1.8957962068757739,-0.15778853290665087,Tuesday,12
2025-12-18 12:00:00+00:00,88513.44,2025-12-18 16:00:00+00:00,87202.18857142857,stop_loss,-1311.2514285714278,-0.014814150580651117,1.573008123708685,1.8957962068757739,-0.1702651804009228,Thursday,12
2025-12-22 00:00:00+00:00,88774.12,2025-12-22 12:00:00+00:00,90132.20857142856,take_profit,1358.0885714285687,0.01529824876246105,1.5970723932905526,1.8957962068757739,-0.15757169072382038,Monday,0
2025-12-26 00:00:00+00:00,88844.87,2025-12-26 12:00:00+00:00,88049.79,stop_loss,-795.0800000000017,-0.008949081697119955,1.5827800619667807,1.8957962068757739,-0.1651106504874995,Friday,0
2025-12-29 00:00:00+00:00,90123.55,2025-12-29 04:00:00+00:00,89757.41285714286,stop_loss,-366.1371428571438,-0.004062613410780465,1.5763498384607184,1.8957962068757739,-0.1685024831553468,Monday,0
2026-01-02 08:00:00+00:00,89502.95,2026-01-02 12:00:00+00:00,88908.04357142857,stop_loss,-594.9064285714267,-0.006646780118101434,1.5658721876952655,1.8957962068757739,-0.17402926431856047,Friday,8
2026-01-02 16:00:00+00:00,89897.23,2026-01-04 00:00:00+00:00,91358.06999999999,take_profit,1460.8399999999965,0.016250111377180326,1.5913177851477425,1.8957962068757739,-0.16060714786944555,Friday,16
2026-01-05 00:00:00+00:00,92878.22,2026-01-05 04:00:00+00:00,92176.81928571429,stop_loss,-701.4007142857154,-0.007551832004163251,1.5793004205690697,1.8957962068757739,-0.16694610167423088,Monday,0
2026-01-05 12:00:00+00:00,93957.73,2026-01-06 04:00:00+00:00,93218.76285714285,stop_loss,-738.9671428571455,-0.00786488927368877,1.566879397631404,1.8957962068757739,-0.1734979783435778,Monday,12
2026-01-12 00:00:00+00:00,91808.12,2026-01-12 08:00:00+00:00,91354.00857142857,stop_loss,-454.1114285714284,-0.004946310071172664,1.5591291262865867,1.8957962068757739,-0.17758611361714155,Monday,0
2026-01-12 16:00:00+00:00,91861.27,2026-01-12 20:00:00+00:00,91208.18500000001,stop_loss,-653.0849999999919,-0.007109470618030775,1.5480445435735362,1.8957962068757739,-0.18343304097824104,Monday,16
2026-01-13 04:00:00+00:00,91942.0,2026-01-13 16:00:00+00:00,93567.80285714286,take_profit,1625.8028571428586,0.017682918112971856,1.5754184884727798,1.8957962068757739,-0.16899375430810087,Tuesday,4
2026-01-13 20:00:00+00:00,95414.0,2026-01-14 16:00:00+00:00,97536.39428571428,take_profit,2122.394285714283,0.02224405522999018,1.6104621843407156,1.8957962068757739,-0.15050880548246365,Tuesday,20
2026-02-13 12:00:00+00:00,68692.12,2026-02-17 12:00:00+00:00,67262.32571428572,stop_loss,-1429.794285714277,-0.02081453135693406,1.5769411687055994,1.8957962068757739,-0.1681905665881882,Friday,12
2026-02-25 12:00:00+00:00,67412.33,2026-02-25 20:00:00+00:00,69796.68571428572,take_profit,2384.355714285717,0.03536972708532277,1.6327171474723265,1.8957962068757739,-0.1387696939414154,Wednesday,12
2026-03-02 12:00:00+00:00,69130.2,2026-03-03 08:00:00+00:00,67642.95785714286,stop_loss,-1487.2421428571397,-0.021513638653687387,1.5975914607379278,1.8957962068757739,-0.1572978915435643,Monday,12
2026-03-04 08:00:00+00:00,71111.4,2026-03-06 12:00:00+00:00,69498.14642857142,stop_loss,-1613.2535714285768,-0.022686286185176735,1.5613480436526326,1.8957962068757739,-0.17641567274485886,Wednesday,8
2026-03-09 12:00:00+00:00,68863.66,2026-03-10 08:00:00+00:00,70796.58142857144,take_profit,1932.9214285714406,0.02806881639127866,1.6051732352128003,1.8957962068757739,-0.15329863548039965,Monday,12
2026-03-10 12:00:00+00:00,71346.16,2026-03-10 16:00:00+00:00,70073.87285714287,stop_loss,-1272.287142857138,-0.01783259453426979,1.5765488317519885,1.8957962068757739,-0.1683975176054906,Tuesday,12
2026-03-16 00:00:00+00:00,73573.32,2026-03-17 00:00:00+00:00,75067.15142857144,take_profit,1493.8314285714296,0.020303982864595883,1.6085590522170794,1.8957962068757739,-0.1515126750527971,Monday,0
2026-03-30 00:00:00+00:00,67173.8,2026-03-30 16:00:00+00:00,66484.47071428571,stop_loss,-689.3292857142951,-0.010261877185960822,1.5920522167768623,1.8957962068757739,-0.16021974777524972,Monday,0
2026-03-31 16:00:00+00:00,67838.8,2026-04-02 00:00:00+00:00,66766.16357142858,stop_loss,-1072.6364285714226,-0.015811547795235508,1.5668794070587841,1.8957962068757739,-0.17349797337079634,Tuesday,16
2026-04-05 20:00:00+00:00,69034.18,2026-04-06 08:00:00+00:00,69894.40857142856,take_profit,860.2285714285681,0.012460908081019694,1.586404147324186,1.8957962068757739,-0.16319900758819345,Sunday,20
2026-04-06 12:00:00+00:00,69968.87,2026-04-06 16:00:00+00:00,69332.59071428572,stop_loss,-636.2792857142776,-0.009093748201368376,1.5719777874628136,1.8957962068757739,-0.1708086651078415,Monday,12
2026-04-07 20:00:00+00:00,71924.22,2026-04-08 12:00:00+00:00,70926.75071428572,stop_loss,-997.46928571428,-0.013868336503534971,1.550177070530197,1.8957962068757739,-0.1823081695659413,Tuesday,20
2026-04-10 12:00:00+00:00,72460.51,2026-04-12 00:00:00+00:00,71480.815,stop_loss,-979.6949999999924,-0.013520398904175427,1.5292180581645225,1.8957962068757739,-0.1933636892940952,Friday,12
2026-04-13 20:00:00+00:00,74417.99,2026-04-15 04:00:00+00:00,73548.31142857144,stop_loss,-869.6785714285652,-0.011686402325950555,1.511347000692703,1.8957962068757739,-0.20279036575172488,Monday,20
2026-04-17 08:00:00+00:00,75589.7,2026-04-17 12:00:00+00:00,77392.75285714286,take_profit,1803.0528571428586,0.023853155352420483,1.5473973954916407,1.8957962068757739,-0.18377440049755453,Friday,8
2026-04-20 16:00:00+00:00,76296.96,2026-04-21 16:00:00+00:00,75391.46857142857,stop_loss,-905.4914285714331,-0.011867988299552603,1.5290329013071877,1.8957962068757739,-0.19346135636224485,Monday,16
2026-04-22 04:00:00+00:00,78012.79,2026-04-27 12:00:00+00:00,76895.66714285714,stop_loss,-1117.122857142851,-0.014319739841926575,1.5071375479507225,1.8957962068757739,-0.20501077991159788,Wednesday,4
2026-05-01 12:00:00+00:00,78445.89,2026-05-04 00:00:00+00:00,80054.06428571428,take_profit,1608.1742857142817,0.020500427564965885,1.5380345120829266,1.8957962068757739,-0.18871316099024685,Friday,12
2026-05-05 12:00:00+00:00,81525.19,2026-05-07 12:00:00+00:00,80541.43642857143,stop_loss,-983.7535714285768,-0.012066866344360274,1.5194752551926085,1.8957962068757739,-0.19850285084351613,Tuesday,12
2026-05-10 20:00:00+00:00,82210.07,2026-05-11 00:00:00+00:00,81765.89357142858,stop_loss,-444.17642857143073,-0.0054029442934598,1.5112656150335122,1.8957962068757739,-0.20283329529177546,Sunday,20
2026-05-14 12:00:00+00:00,81301.23,2026-05-15 04:00:00+00:00,80499.77071428571,stop_loss,-801.4592857142852,-0.009857898653123517,1.4963677117625616,1.8957962068757739,-0.21069168387643353,Thursday,12
2026-06-08 12:00:00+00:00,63774.48,2026-06-09 00:00:00+00:00,62640.13785714286,stop_loss,-1134.3421428571455,-0.017786772120402163,1.4697521602651133,1.8957962068757739,-0.22473093102806171,Monday,12
2026-06-14 20:00:00+00:00,65746.45,2026-06-15 12:00:00+00:00,66739.24857142857,take_profit,992.7985714285751,0.015100413352030035,1.4919460254101558,1.8957962068757739,-0.2130240476275419,Sunday,20
2026-06-22 12:00:00+00:00,64836.95,2026-06-22 20:00:00+00:00,64204.80142857142,stop_loss,-632.1485714285736,-0.009749819685049553,1.4773998206825805,1.8957962068757739,-0.22069692125964346,Monday,12
2026-07-02 12:00:00+00:00,61612.93,2026-07-05 20:00:00+00:00,63595.537142857145,take_profit,1982.607142857145,0.032178426555223794,1.5249402223051158,1.8957962068757739,-0.19562017437613705,Thursday,12
2026-07-14 12:00:00+00:00,64743.99,2026-07-16 04:00:00+00:00,64162.95642857143,stop_loss,-581.0335714285684,-0.008974324434261287,1.5112549140072953,1.8957962068757739,-0.20283893989966006,Tuesday,12
